{
  "name": "tfidf_lr",
  "word_max_features": 4000,
  "char_max_features": 2000,
  "argmax_accuracy": 0.8375,
  "argmax_f1": 0.8048048048048048,
  "threshold": 0.5384477495117574,
  "threshold_accuracy": 0.8525,
  "threshold_f1": 0.8173374613003096
}