{
  "model_name": "cardiffnlp/twitter-roberta-base",
  "max_length": 128,
  "best_config": {
    "name": "lr2e-5_seed42",
    "learning_rate": 2e-05,
    "num_train_epochs": 4,
    "weight_decay": 0.01,
    "warmup_ratio": 0.06,
    "seed": 42
  },
  "argmax_accuracy": 0.8927680798004988,
  "argmax_f1": 0.8746355685131195,
  "threshold": 0.4980926811695099,
  "threshold_accuracy": 0.8952618453865336,
  "threshold_f1": 0.877906976744186
}